00109,Through Summer 2016
00101,February 14, 2016–May 10, 2016
00112,Through February 12, 2016
00113,Through March 27, 2016
00110,Through February 28, 2016
00103,Through May 3, 2016
00102,Ongoing
00104,Through February 21, 2016
00108,Through March 27, 2016
00106,Through February 14, 2016
00105,Through May 1, 2016
00114,Through March 27, 2016
00107,Through February 15, 2016
00115,Through April 21, 2016
00111,Through February 28, 2016
00211,Sep 21, 2013–Jun 15, 2014
00213,Sep 19, 2012–May 5, 2013
00207,Jan 30, 2016–Aug 21, 2016
00214,Sep 19, 2012–May 5, 2013
00215,Jun 9, 2012–Sep 9, 2012
00202,Dec 19, 2015–Mar 27, 2016
00201,Sep 19, 2015–Mar 6, 2016
00212,May 18, 2013–Sep 29, 2013
00203,Dec 19, 2015–Mar 27, 2016
00206,Nov 21, 2015–Jun 5, 2016
00208,Oct 1, 2015–Oct 1, 2016
00205,Jul 18, 2015–Jun 5, 2016
00210,Oct 12, 2013–Aug 9, 2015
00209,Dec 18, 2014–May 17, 2015
00204,Nov 21, 2015–May 8, 2016
003003,November 16, 2015–February 15, 2016
003012,December 15, 2015–May 1, 2016
003028,January 16, 2016–January 15, 2017
003007,February 7, 2015–March 27, 2016
003010,January 20–April 17, 2016
003031,March 18–June 5, 2016
003035,May 5–August 14, 2016
003021,January 8–July 24, 2016
003014,September 5, 2015–May 22, 2016
003020,October 9, 2015–June 26, 2016
003001,November 19, 2015–February 21, 2016
003026,November 22, 2011–November 27, 2016
003024,September 23, 2015–September 5, 2016
003032,March 18–September 4, 2016
003016,December 19, 2015–June 5, 2016
003005,August 24, 2015–March 6, 2016
003009,January 8–April 11, 2016
003006,September 21, 2015–March 13, 2016
003036,September 20, 2016–January 8, 2017
003023,July 17, 2015–August 7, 2016
003018,August 15, 2015–June 19, 2016
003008,November 16, 2015–March 27, 2016
003029,October 20, 2015–January 22, 2017
003004,November 6, 2014–February 21, 2016
003019,August 15, 2015–June 19, 2016
003034,April 27–July 24, 2016
003017,March 14, 2015–June 19, 2016
003027,June 30, 2014–January 1, 2017
003011,January 25–April 24, 2016
003002,October 26, 2015–September 18, 2016
003022,July 17, 2015–August 7, 2016
003025,October 31, 2015–October 11, 2016
003033,April 18–July 17, 2016
003015,January 26–May 22, 2016
003030,February 15–May 15, 2016
003013,October 21, 2015–May 17, 2016
004009,Through Sunday, May 1
004005,Through Sunday, March 20
004007,Through Sunday, April 10
004008,Through Saturday, April 30
004016,July 3–October 2, 2016
004018,Through Wednesday, August 31
004010,Ongoing
004004,Through Monday, March 7
004006,Through Sunday, March 20
004001,Through Monday, February 15
004011,Ongoing
004014,March 13–July 4, 2016
004012,Ongoing
004017,Through Sunday, February 28
004002,Through Sunday, February 28
004015,March 26–July 24, 2016
004003,Through Sunday, March 6
004013,February 14–May 15, 2016
00509,['November 5, 2016', 'March 12, 2017']
00506,['February 27, 2016', 'September 11, 2016']
00503,['September 5, 2015', 'March 6, 2016']
00507,April 5–10, 2016
00502,['July 25, 2015', 'February 14, 2016']
00501,['August 29, 2015', 'April 10, 2016']
00505,['March 12, 2016', 'May 30, 2016']
00508,['July 16, 2016', 'October 9, 2016']
00504,['January 16, 2016', 'July 10, 2016']
00602,['December 13, 2014', 'March 13, 2016']
00603,['January 9, 2016', 'April 10, 2016']
00605,['June 18, 2016', 'September 11, 2016']
00601,February 6–May 15, 2016
00604,['January 9, 2016', 'May 1, 2016']