ex_id|title
00308|Nicole Eisenman: Al-ugh-ories
00306|Cally Spooner: On False Tears and Outsourcing
00307|Goshka Macuga: Time as Fabric
00304|Beatriz Santiago Muoz
00305|Andra Ursuta: Alps
00302|Cheryl Donegan: Scenes and Commercials
00303|Pia Camil: A Pot for a Latch
00301|Anri Sala: Answer Me
00210|Johnston Marklee: Grid Is a Grid Is a Grid Is a Grid Is a Grid
00207|Diane Simpson
00205|Alexandre da Cunha
00204|Kathryn Andrews: Run for President
00203|The Street, the Store, and the Silver Screen: Pop Art from the MCA Collection
00202|Pop Art Design
00201|Artists in Residence
00206|Surrealism: The Conjured Life
00209|Phil Collins
00208|eighth blackbird Residency
00108|Materials Inside and Out
00104|Van Dyck, Rembrandt, and the Portrait Print
00105|Nothing Personal: Zoe Leonard, Cindy Sherman, Lorna Simpson
00106|Shakers and Movers: Selections from the Collection of Dr. Thomas and Jan Pavlovic
00107|Alfred Stieglitz and the 19th Century
00101|Van Gogh's Bedrooms
00102|The New Contemporary
00103|Martin Puryear: Multiple Dimensions
00603|Sublime Beauty: Raphael's "Portrait of a Lady with a Unicorn"
00602|A Princely Pursuit: The Malcolm D. Gutter Collection of Early Meissen Porcelain
00601|Pierre Bonnard: Painting Arcadia
00605|Wild West: Picturing America's Frontier
00604|The World in a Book: The Nuremberg Chronicle and the Art of German Renaissance Illustration
00501|Royal Hawaiian Featherwork: N Hulu Alii
00502|Printed Stories
00503|Bruce Davidson: Gifts to the Collection
00504|Oscar de la Renta: The Retrospective
00505|Bouquets to Art
00506|Ed Ruscha and the Great American West
00507|Danny Lyon: Message to the Future
00411|Painting & Sculpture I
00412|Projects 102: Nel Beloufa
00414|Rachel Harrison: Perth Amboy
00406|Scenes for a New Heritage: Contemporary Art from the Collection
00403|Greater New York
00401|Marcel Broodthaers: A Retrospective
00413|A Japanese Constellation: Toyo Ito, SANAA, and Beyond
00410|Gustav Klimts Adele Bloch-Bauer II
00402|Maria Hassabi: PLASTIC
00405|Ocean of Images: New Photography 2015
00404|Soldier, Spectre, Shaman: The Figure and the Second World War
00407|Ernie Gehr: Carnival of Shadows
00415|From the Collection: 19601969
00409|The Modern Monument
00408|Jackson Pollock: A Collection Survey, 19341954
00418|BRUCE CONNER: ITS ALL TRUE
00419|Anne Teresa De Keersmaeker: Work/Travail/Arbeid
00417|Bouchra Khalili: The Mapping Journey Project
00416|Edgar Degas: A Strange New Beauty
00420|Art Lab: Process
