00107,Through February 15, 2016
00115,Through April 21, 2016
00108,Through March 27, 2016
00109,Through Summer 2016
00101,February 14, 2016–May 10, 2016
00111,Through February 28, 2016
00113,Through March 27, 2016
00103,Through May 3, 2016
00106,Through February 14, 2016
00110,Through February 28, 2016
00112,Through February 12, 2016
00104,Through February 21, 2016
00105,Through May 1, 2016
00114,Through March 27, 2016
00102,Ongoing
00203,Dec 19, 2015–Mar 27, 2016
00212,Sep 21, 2013–Jun 15, 2014
00201,Sep 19, 2015–Mar 6, 2016
00205,Jul 18, 2015–Jun 5, 2016
00208,Jan 30, 2016–Aug 21, 2016
00204,Nov 21, 2015–May 8, 2016
00210,Dec 18, 2014–May 17, 2015
00202,Dec 19, 2015–Mar 27, 2016
00207,Feb 16, 2016–Jul 3, 2016
00206,Nov 21, 2015–Jun 5, 2016
00215,Sep 19, 2012–May 5, 2013
00211,Oct 12, 2013–Aug 9, 2015
00213,May 18, 2013–Sep 29, 2013
00214,Sep 19, 2012–May 5, 2013
00209,Oct 1, 2015–Oct 1, 2016
00302,October 26, 2015–September 18, 2016
00313,October 21, 2015–May 17, 2016
00327,November 22, 2011–November 27, 2016
00311,January 25–April 24, 2016
00333,March 18–September 4, 2016
00304,November 6, 2014–February 21, 2016
00337,September 20, 2016–January 8, 2017
00305,August 24, 2015–March 6, 2016
00329,January 16, 2016–January 15, 2017
00320,October 9, 2015–June 26, 2016
00336,May 5–August 14, 2016
00315,January 26–May 22, 2016
00331,February 15–May 15, 2016
00310,January 20–April 17, 2016
00312,December 15, 2015–May 1, 2016
00316,December 19, 2015–June 5, 2016
00325,September 23, 2015–September 5, 2016
00335,April 27–July 24, 2016
00321,February 10–July 17, 2016
00301,November 19, 2015–February 21, 2016
00334,April 18–July 17, 2016
00309,January 8–April 11, 2016
00332,March 18–June 5, 2016
00307,February 7, 2015–March 27, 2016
00323,July 17, 2015–August 7, 2016
00322,January 8–July 24, 2016
00319,August 15, 2015–June 19, 2016
00324,July 17, 2015–August 7, 2016
00306,September 21, 2015–March 13, 2016
00328,June 30, 2014–January 1, 2017
00330,October 20, 2015–January 22, 2017
00308,November 16, 2015–March 27, 2016
00317,March 14, 2015–June 19, 2016
00326,October 31, 2015–October 11, 2016
00303,November 16, 2015–February 15, 2016
00314,September 5, 2015–May 22, 2016
00318,August 15, 2015–June 19, 2016
00415,March 13–July 4, 2016
00403,Through Sunday, March 6
00405,Through Sunday, March 20
00410,Ongoing
00414,March 12–June 12, 2016
00411,Ongoing
00420,Through Wednesday, August 31
00413,February 14–May 15, 2016
00418,July 3–October 2, 2016
00419,Through Sunday, February 28
00406,Through Sunday, March 20
00407,Through Sunday, April 10
00402,Through Sunday, February 28
00409,Through Sunday, May 1
00401,Through Monday, February 15
00417,March 26, 2016–March 12, 2017
00416,March 26–July 24, 2016
00412,Ongoing
00408,Through Saturday, April 30
00404,Through Monday, March 7
00506,['February 27, 2016', 'September 11, 2016']
00507,April 5–10, 2016
00503,['September 5, 2015', 'March 6, 2016']
00508,['July 16, 2016', 'October 9, 2016']
00502,['July 25, 2015', 'February 14, 2016']
00505,['March 12, 2016', 'May 30, 2016']
00501,['August 29, 2015', 'April 10, 2016']
00504,['January 16, 2016', 'July 10, 2016']
00509,['November 5, 2016', 'March 12, 2017']
00605,['June 18, 2016', 'September 11, 2016']
00601,February 6–May 15, 2016
00604,['January 9, 2016', 'May 1, 2016']
00603,['January 9, 2016', 'April 10, 2016']
00602,['December 13, 2014', 'March 13, 2016']